{"cameraMode":{"drawMode":0,"name":"Shaded","section":"Shading Mode"},"sceneLighting":true,"audioPlay":false,"sceneViewState":{"showFog":false,"showMaterialUpdate":false,"showSkybox":false,"showFlares":false,"showImageEffects":false,"showParticleSystems":false},"in2DMode":false,"pivot":{"x":-6.091449737548828,"y":15.808187484741211,"z":19.721132278442384},"rotation":{"x":0.4257403612136841,"y":-0.5400803089141846,"z":-0.3671155571937561,"w":-0.6263262629508972},"size":32.41623306274414,"orthographic":false}