{"cameraMode":{"drawMode":0,"name":"Shaded","section":"Shading Mode"},"sceneLighting":true,"audioPlay":false,"sceneViewState":{"showFog":false,"showMaterialUpdate":false,"showSkybox":false,"showFlares":false,"showImageEffects":false,"showParticleSystems":false},"in2DMode":false,"pivot":{"x":246.67276000976563,"y":99.25499725341797,"z":145.4644775390625},"rotation":{"x":-0.021307850256562234,"y":0.021904155611991884,"z":-0.00046687430585734546,"w":-0.9995328783988953},"size":1057.59326171875,"orthographic":false}