{"cameraMode":{"drawMode":0,"name":"Shaded","section":"Shading Mode"},"sceneLighting":true,"audioPlay":false,"sceneViewState":{"showFog":false,"showMaterialUpdate":false,"showSkybox":false,"showFlares":false,"showImageEffects":false,"showParticleSystems":false},"in2DMode":false,"pivot":{"x":-0.8125181198120117,"y":7.961404323577881,"z":49.42313766479492},"rotation":{"x":-0.0016372411046177149,"y":-0.9981361031532288,"z":0.05245021730661392,"w":-0.03115626983344555},"size":-44.504234313964847,"orthographic":false}