{"cameraMode":{"drawMode":0,"name":"Shaded","section":"Shading Mode"},"sceneLighting":false,"audioPlay":false,"sceneViewState":{"showFog":false,"showMaterialUpdate":false,"showSkybox":false,"showFlares":false,"showImageEffects":false,"showParticleSystems":false},"in2DMode":false,"pivot":{"x":-0.6358585357666016,"y":2.6516408920288088,"z":2.931279182434082},"rotation":{"x":-0.2359645664691925,"y":0.5349182486534119,"z":-0.15864518284797669,"w":-0.7956223487854004},"size":13.955584526062012,"orthographic":false}