{"cameraMode":{"drawMode":0,"name":"Shaded","section":"Shading Mode"},"sceneLighting":true,"audioPlay":false,"sceneViewState":{"showFog":false,"showMaterialUpdate":false,"showSkybox":false,"showFlares":false,"showImageEffects":false,"showParticleSystems":false},"in2DMode":false,"pivot":{"x":-0.062402963638305667,"y":2.0850632190704347,"z":-0.5980762839317322},"rotation":{"x":0.005439735949039459,"y":0.9812266230583191,"z":-0.1907462775707245,"w":0.027941176667809488},"size":6.483296871185303,"orthographic":true}