{"cameraMode":{"drawMode":0,"name":"Shaded","section":"Shading Mode"},"sceneLighting":false,"audioPlay":false,"sceneViewState":{"showFog":false,"showMaterialUpdate":false,"showSkybox":false,"showFlares":false,"showImageEffects":false,"showParticleSystems":false},"in2DMode":false,"pivot":{"x":0.05840325355529785,"y":-0.4900331497192383,"z":9.609365463256836},"rotation":{"x":-0.23122118413448335,"y":0.6828556060791016,"z":-0.2433309406042099,"w":-0.6488721370697022},"size":13.325372695922852,"orthographic":false}