{"cameraMode":{"drawMode":0,"name":"Shaded","section":"Shading Mode"},"sceneLighting":true,"audioPlay":false,"sceneViewState":{"showFog":false,"showMaterialUpdate":false,"showSkybox":false,"showFlares":false,"showImageEffects":false,"showParticleSystems":false},"in2DMode":false,"pivot":{"x":0.07059705257415772,"y":1.9970632791519166,"z":-0.5980762839317322},"rotation":{"x":0.1627652496099472,"y":0.008874664083123207,"z":-0.0014634743565693498,"w":0.9866238236427307},"size":6.75478982925415,"orthographic":true}