{"cameraMode":{"drawMode":0,"name":"Shaded","section":"Shading Mode"},"sceneLighting":false,"audioPlay":false,"sceneViewState":{"showFog":false,"showMaterialUpdate":false,"showSkybox":false,"showFlares":false,"showImageEffects":false,"showParticleSystems":false},"in2DMode":false,"pivot":{"x":67.39087677001953,"y":717.9437866210938,"z":-231.09181213378907},"rotation":{"x":-0.274253249168396,"y":0.0037593708839267494,"z":-0.0010727702174335719,"w":-0.9616495966911316},"size":22.0,"orthographic":false}