{"cameraMode":{"drawMode":0,"name":"Shaded","section":"Shading Mode"},"sceneLighting":true,"audioPlay":false,"sceneViewState":{"showFog":false,"showMaterialUpdate":false,"showSkybox":false,"showFlares":false,"showImageEffects":false,"showParticleSystems":false},"in2DMode":false,"pivot":{"x":1.962890625,"y":1.674560546875,"z":48.1025390625},"rotation":{"x":0.002340485341846943,"y":-0.9975326061248779,"z":0.05692041292786598,"w":0.041028816252946857},"size":6.502312183380127,"orthographic":true}