{"cameraMode":{"drawMode":0,"name":"Shaded","section":"Shading Mode"},"sceneLighting":true,"audioPlay":false,"sceneViewState":{"showFog":false,"showMaterialUpdate":false,"showSkybox":false,"showFlares":false,"showImageEffects":false,"showParticleSystems":false},"in2DMode":false,"pivot":{"x":-10.6460599899292,"y":16.07417869567871,"z":36.41290283203125},"rotation":{"x":0.17169825732707978,"y":0.12612271308898927,"z":0.022169586271047593,"w":-0.9767913222312927},"size":46.18335723876953,"orthographic":false}