{"cameraMode":{"drawMode":0,"name":"Shaded","section":"Shading Mode"},"sceneLighting":false,"audioPlay":false,"sceneViewState":{"showFog":false,"showMaterialUpdate":false,"showSkybox":false,"showFlares":false,"showImageEffects":false,"showParticleSystems":false},"in2DMode":false,"pivot":{"x":0.06946766376495362,"y":-0.5000331401824951,"z":4.804682731628418},"rotation":{"x":-0.2359645664691925,"y":0.5349182486534119,"z":-0.15864518284797669,"w":-0.7956223487854004},"size":6.178459167480469,"orthographic":false}